QB,RB,RB,WR,WR,WR,TE,FLEX,DST,,Instructions
,,,,,,,,,,1. Locate the player you want to select in the list below 
,,,,,,,,,,2. Copy the ID of your player (you can use the Name + ID column or the ID column) 
,,,,,,,,,,3. Paste the ID into the roster position desired 
,,,,,,,,,,4. You must include an ID for each player; you cannot use just the player's name 
,,,,,,,,,,5. You can create up to 500 lineups per file 
 
,,,,,,,,,,Position,Name + ID, Name, ID, Salary,GameInfo,TeamAbbrev 
,,,,,,,,,,WR,Antonio Brown (7572050),Antonio Brown,7572050,10000,Pit@Mia 01:00PM ET,Pit,
,,,,,,,,,,WR,Julio Jones (7572084),Julio Jones,7572084,8900,Atl@Sea 04:25PM ET,Atl,
,,,,,,,,,,WR,Odell Beckham Jr. (7572011),Odell Beckham Jr.,7572011,8800,Bal@NYG 01:00PM ET,NYG,
,,,,,,,,,,WR,A.J. Green (7572063),A.J. Green,7572063,8600,Cin@NE 01:00PM ET,Cin,
,,,,,,,,,,QB,Cam Newton (7571815),Cam Newton,7571815,8100,Car@NO 01:00PM ET,Car,
,,,,,,,,,,WR,Kelvin Benjamin (7572022),Kelvin Benjamin,7572022,8100,Car@NO 01:00PM ET,Car,
,,,,,,,,,,WR,Jordy Nelson (7572092),Jordy Nelson,7572092,8000,Dal@GB 04:25PM ET,GB,
,,,,,,,,,,QB,Drew Brees (7571811),Drew Brees,7571811,7900,Car@NO 01:00PM ET,NO,
,,,,,,,,,,RB,Le'Veon Bell (7571921),Le'Veon Bell,7571921,7900,Pit@Mia 01:00PM ET,Pit,
,,,,,,,,,,WR,Allen Robinson (7572037),Allen Robinson,7572037,7800,Jax@Chi 01:00PM ET,Jax,
,,,,,,,,,,RB,DeMarco Murray (7571874),DeMarco Murray,7571874,7700,Cle@Ten 01:00PM ET,Ten,
,,,,,,,,,,QB,Tom Brady (7571833),Tom Brady,7571833,7700,Cin@NE 01:00PM ET,NE,
,,,,,,,,,,WR,T.Y. Hilton (7572104),T.Y. Hilton,7572104,7700,Ind@Hou 08:30PM ET,Ind,
,,,,,,,,,,WR,Brandin Cooks (7572023),Brandin Cooks,7572023,7600,Car@NO 01:00PM ET,NO,
,,,,,,,,,,QB,Ben Roethlisberger (7571829),Ben Roethlisberger,7571829,7500,Pit@Mia 01:00PM ET,Pit,
,,,,,,,,,,WR,Amari Cooper (7572076),Amari Cooper,7572076,7500,KC@Oak 04:05PM ET,Oak,
,,,,,,,,,,WR,DeAndre Hopkins (7572107),DeAndre Hopkins,7572107,7500,Ind@Hou 08:30PM ET,Hou,
,,,,,,,,,,WR,Dez Bryant (7572093),Dez Bryant,7572093,7400,Dal@GB 04:25PM ET,Dal,
,,,,,,,,,,QB,Aaron Rodgers (7571848),Aaron Rodgers,7571848,7300,Dal@GB 04:25PM ET,GB,
,,,,,,,,,,WR,Marvin Jones Jr. (7572043),Marvin Jones Jr.,7572043,7200,LA@Det 01:00PM ET,Det,
,,,,,,,,,,WR,Alshon Jeffery (7572031),Alshon Jeffery,7572031,7100,Jax@Chi 01:00PM ET,Chi,
,,,,,,,,,,QB,Andrew Luck (7571856),Andrew Luck,7571856,7100,Ind@Hou 08:30PM ET,Ind,
,,,,,,,,,,TE,Greg Olsen (7572145),Greg Olsen,7572145,7000,Car@NO 01:00PM ET,Car,
,,,,,,,,,,RB,Ezekiel Elliott (7571960),Ezekiel Elliott,7571960,7000,Dal@GB 04:25PM ET,Dal,
,,,,,,,,,,RB,LeSean McCoy (7571862),LeSean McCoy,7571862,6900,SF@Buf 01:00PM ET,Buf,
,,,,,,,,,,WR,Michael Crabtree (7572070),Michael Crabtree,7572070,6900,KC@Oak 04:05PM ET,Oak,
,,,,,,,,,,QB,Russell Wilson (7571846),Russell Wilson,7571846,6900,Atl@Sea 04:25PM ET,Sea,
,,,,,,,,,,WR,Jarvis Landry (7572053),Jarvis Landry,7572053,6800,Pit@Mia 01:00PM ET,Mia,
,,,,,,,,,,WR,Julian Edelman (7572062),Julian Edelman,7572062,6800,Cin@NE 01:00PM ET,NE,
,,,,,,,,,,RB,Christine Michael (7571946),Christine Michael,7571946,6800,Atl@Sea 04:25PM ET,Sea,
,,,,,,,,,,WR,Jordan Matthews (7571984),Jordan Matthews,7571984,6700,Phi@Was 01:00PM ET,Phi,
,,,,,,,,,,RB,Todd Gurley (7571915),Todd Gurley,7571915,6700,LA@Det 01:00PM ET,LA,
,,,,,,,,,,TE,Rob Gronkowski (7572176),Rob Gronkowski,7572176,6700,Cin@NE 01:00PM ET,NE,
,,,,,,,,,,QB,Matt Ryan (7571844),Matt Ryan,7571844,6700,Atl@Sea 04:25PM ET,Atl,
,,,,,,,,,,RB,Lamar Miller (7571965),Lamar Miller,7571965,6600,Ind@Hou 08:30PM ET,Hou,
,,,,,,,,,,QB,Derek Carr (7571841),Derek Carr,7571841,6500,KC@Oak 04:05PM ET,Oak,
,,,,,,,,,,WR,Doug Baldwin (7572082),Doug Baldwin,7572082,6500,Atl@Sea 04:25PM ET,Sea,
,,,,,,,,,,QB,Derek Anderson (7571812),Derek Anderson,7571812,6400,Car@NO 01:00PM ET,Car,
,,,,,,,,,,WR,Willie Snead (7572020),Willie Snead,7572020,6400,Car@NO 01:00PM ET,NO,
,,,,,,,,,,QB,Blake Bortles (7571820),Blake Bortles,7571820,6300,Jax@Chi 01:00PM ET,Jax,
,,,,,,,,,,WR,Jeremy Maclin (7572071),Jeremy Maclin,7572071,6300,KC@Oak 04:05PM ET,KC,
,,,,,,,,,,RB,Jordan Howard (7571908),Jordan Howard,7571908,6200,Jax@Chi 01:00PM ET,Chi,
,,,,,,,,,,QB,Matthew Stafford (7571823),Matthew Stafford,7571823,6200,LA@Det 01:00PM ET,Det,
,,,,,,,,,,TE,Jordan Reed (7572127),Jordan Reed,7572127,6100,Phi@Was 01:00PM ET,Was,
,,,,,,,,,,QB,Marcus Mariota (7571805),Marcus Mariota,7571805,6100,Cle@Ten 01:00PM ET,Ten,
,,,,,,,,,,WR,Terrelle Pryor Sr. (7571996),Terrelle Pryor Sr.,7571996,6100,Cle@Ten 01:00PM ET,Cle,
,,,,,,,,,,QB,Carson Wentz (7571799),Carson Wentz,7571799,6000,Phi@Was 01:00PM ET,Phi,
,,,,,,,,,,RB,Mark Ingram (7571896),Mark Ingram,7571896,6000,Car@NO 01:00PM ET,NO,
,,,,,,,,,,WR,Randall Cobb (7572097),Randall Cobb,7572097,6000,Dal@GB 04:25PM ET,GB,
,,,,,,,,,,QB,Eli Manning (7571807),Eli Manning,7571807,5900,Bal@NYG 01:00PM ET,NYG,
,,,,,,,,,,QB,Dak Prescott (7571852),Dak Prescott,7571852,5900,Dal@GB 04:25PM ET,Dal,
,,,,,,,,,,WR,Will Fuller (7572114),Will Fuller,7572114,5900,Ind@Hou 08:30PM ET,Hou,
,,,,,,,,,,WR,DeSean Jackson (7571981),DeSean Jackson,7571981,5800,Phi@Was 01:00PM ET,Was,
,,,,,,,,,,QB,Joe Flacco (7571806),Joe Flacco,7571806,5800,Bal@NYG 01:00PM ET,Bal,
,,,,,,,,,,QB,Brian Hoyer (7571817),Brian Hoyer,7571817,5800,Jax@Chi 01:00PM ET,Chi,
,,,,,,,,,,RB,Eddie Lacy (7571955),Eddie Lacy,7571955,5800,Dal@GB 04:25PM ET,GB,
,,,,,,,,,,QB,Alex Smith (7571838),Alex Smith,7571838,5700,KC@Oak 04:05PM ET,KC,
,,,,,,,,,,QB,Kirk Cousins (7571798),Kirk Cousins,7571798,5600,Phi@Was 01:00PM ET,Was,
,,,,,,,,,,WR,Sterling Shepard (7572014),Sterling Shepard,7572014,5600,Bal@NYG 01:00PM ET,NYG,
,,,,,,,,,,RB,Devonta Freeman (7571947),Devonta Freeman,7571947,5600,Atl@Sea 04:25PM ET,Atl,
,,,,,,,,,,QB,Tony Romo (7571849),Tony Romo,7571849,5600,Dal@GB 04:25PM ET,Dal,
,,,,,,,,,,TE,Delanie Walker (7572130),Delanie Walker,7572130,5500,Cle@Ten 01:00PM ET,Ten,
,,,,,,,,,,WR,Steve Smith Sr. (7572004),Steve Smith Sr.,7572004,5500,Bal@NYG 01:00PM ET,Bal,
,,,,,,,,,,QB,Andy Dalton (7571834),Andy Dalton,7571834,5500,Cin@NE 01:00PM ET,Cin,
,,,,,,,,,,QB,Ryan Tannehill (7571830),Ryan Tannehill,7571830,5400,Pit@Mia 01:00PM ET,Mia,
,,,,,,,,,,RB,Spencer Ware (7571939),Spencer Ware,7571939,5400,KC@Oak 04:05PM ET,KC,
,,,,,,,,,,QB,Brock Osweiler (7571857),Brock Osweiler,7571857,5400,Ind@Hou 08:30PM ET,Hou,
,,,,,,,,,,QB,Tyrod Taylor (7571792),Tyrod Taylor,7571792,5300,SF@Buf 01:00PM ET,Buf,
,,,,,,,,,,RB,Theo Riddick (7571911),Theo Riddick,7571911,5300,LA@Det 01:00PM ET,Det,
,,,,,,,,,,WR,Donte Moncrief (7572111),Donte Moncrief,7572111,5300,Ind@Hou 08:30PM ET,Ind,
,,,,,,,,,,WR,Mike Wallace (7572008),Mike Wallace,7572008,5200,Bal@NYG 01:00PM ET,Bal,
,,,,,,,,,,RB,Frank Gore (7571961),Frank Gore,7571961,5200,Ind@Hou 08:30PM ET,Ind,
,,,,,,,,,,RB,Carlos Hyde (7571864),Carlos Hyde,7571864,5100,SF@Buf 01:00PM ET,SF,
,,,,,,,,,,RB,Jonathan Stewart (7571893),Jonathan Stewart,7571893,5100,Car@NO 01:00PM ET,Car,
,,,,,,,,,,QB,Jay Cutler (7571816),Jay Cutler,7571816,5100,Jax@Chi 01:00PM ET,Chi,
,,,,,,,,,,RB,Jamaal Charles (7571934),Jamaal Charles,7571934,5100,KC@Oak 04:05PM ET,KC,
,,,,,,,,,,QB,Colin Kaepernick (7571790),Colin Kaepernick,7571790,5000,SF@Buf 01:00PM ET,SF,
,,,,,,,,,,QB,Christian Ponder (7571791),Christian Ponder,7571791,5000,SF@Buf 01:00PM ET,SF,
,,,,,,,,,,QB,EJ Manuel (7571793),EJ Manuel,7571793,5000,SF@Buf 01:00PM ET,Buf,
,,,,,,,,,,QB,Blaine Gabbert (7571794),Blaine Gabbert,7571794,5000,SF@Buf 01:00PM ET,SF,
,,,,,,,,,,QB,Cardale Jones (7571795),Cardale Jones,7571795,5000,SF@Buf 01:00PM ET,Buf,
,,,,,,,,,,QB,Chase Daniel (7571796),Chase Daniel,7571796,5000,Phi@Was 01:00PM ET,Phi,
,,,,,,,,,,QB,Colt McCoy (7571797),Colt McCoy,7571797,5000,Phi@Was 01:00PM ET,Was,
,,,,,,,,,,QB,Nate Sudfeld (7571800),Nate Sudfeld,7571800,5000,Phi@Was 01:00PM ET,Was,
,,,,,,,,,,QB,Josh McCown (7571801),Josh McCown,7571801,5000,Cle@Ten 01:00PM ET,Cle,
,,,,,,,,,,QB,Matt Cassel (7571802),Matt Cassel,7571802,5000,Cle@Ten 01:00PM ET,Ten,
,,,,,,,,,,QB,Charlie Whitehurst (7571803),Charlie Whitehurst,7571803,5000,Cle@Ten 01:00PM ET,Cle,
,,,,,,,,,,QB,Cody Kessler (7571804),Cody Kessler,7571804,5000,Cle@Ten 01:00PM ET,Cle,
,,,,,,,,,,QB,Josh Johnson (7571808),Josh Johnson,7571808,5000,Bal@NYG 01:00PM ET,NYG,
,,,,,,,,,,QB,Ryan Mallett (7571809),Ryan Mallett,7571809,5000,Bal@NYG 01:00PM ET,Bal,
,,,,,,,,,,QB,Ryan Nassib (7571810),Ryan Nassib,7571810,5000,Bal@NYG 01:00PM ET,NYG,
,,,,,,,,,,RB,Terrance West (7571886),Terrance West,7571886,5000,Bal@NYG 01:00PM ET,Bal,
,,,,,,,,,,QB,Luke McCown (7571813),Luke McCown,7571813,5000,Car@NO 01:00PM ET,NO,
,,,,,,,,,,QB,Joe Webb (7571814),Joe Webb,7571814,5000,Car@NO 01:00PM ET,Car,
,,,,,,,,,,QB,Chad Henne (7571818),Chad Henne,7571818,5000,Jax@Chi 01:00PM ET,Jax,
,,,,,,,,,,QB,Matt Barkley (7571819),Matt Barkley,7571819,5000,Jax@Chi 01:00PM ET,Chi,
,,,,,,,,,,QB,Brandon Allen (7571821),Brandon Allen,7571821,5000,Jax@Chi 01:00PM ET,Jax,
,,,,,,,,,,QB,Dan Orlovsky (7571822),Dan Orlovsky,7571822,5000,LA@Det 01:00PM ET,Det,
,,,,,,,,,,QB,Case Keenum (7571824),Case Keenum,7571824,5000,LA@Det 01:00PM ET,LA,
,,,,,,,,,,QB,Sean Mannion (7571825),Sean Mannion,7571825,5000,LA@Det 01:00PM ET,LA,
,,,,,,,,,,QB,Jared Goff (7571826),Jared Goff,7571826,5000,LA@Det 01:00PM ET,LA,
,,,,,,,,,,QB,Bruce Gradkowski (7571827),Bruce Gradkowski,7571827,5000,Pit@Mia 01:00PM ET,Pit,
,,,,,,,,,,QB,Matt Moore (7571828),Matt Moore,7571828,5000,Pit@Mia 01:00PM ET,Mia,
,,,,,,,,,,QB,Landry Jones (7571831),Landry Jones,7571831,5000,Pit@Mia 01:00PM ET,Pit,
,,,,,,,,,,QB,Zach Mettenberger (7571832),Zach Mettenberger,7571832,5000,Pit@Mia 01:00PM ET,Pit,
,,,,,,,,,,WR,DeVante Parker (7572055),DeVante Parker,7572055,5000,Pit@Mia 01:00PM ET,Mia,
,,,,,,,,,,QB,AJ McCarron (7571835),AJ McCarron,7571835,5000,Cin@NE 01:00PM ET,Cin,
,,,,,,,,,,QB,Jimmy Garoppolo (7571836),Jimmy Garoppolo,7571836,5000,Cin@NE 01:00PM ET,NE,
,,,,,,,,,,QB,Jeff Driskel (7571837),Jeff Driskel,7571837,5000,Cin@NE 01:00PM ET,Cin,
,,,,,,,,,,RB,LeGarrette Blount (7571927),LeGarrette Blount,7571927,5000,Cin@NE 01:00PM ET,NE,
,,,,,,,,,,QB,Nick Foles (7571839),Nick Foles,7571839,5000,KC@Oak 04:05PM ET,KC,
,,,,,,,,,,QB,Matt McGloin (7571840),Matt McGloin,7571840,5000,KC@Oak 04:05PM ET,Oak,
,,,,,,,,,,QB,Tyler Bray (7571842),Tyler Bray,7571842,5000,KC@Oak 04:05PM ET,KC,
,,,,,,,,,,QB,Connor Cook (7571843),Connor Cook,7571843,5000,KC@Oak 04:05PM ET,Oak,
,,,,,,,,,,TE,Travis Kelce (7572183),Travis Kelce,7572183,5000,KC@Oak 04:05PM ET,KC,
,,,,,,,,,,QB,Matt Schaub (7571845),Matt Schaub,7571845,5000,Atl@Sea 04:25PM ET,Atl,
,,,,,,,,,,QB,Trevone Boykin (7571847),Trevone Boykin,7571847,5000,Atl@Sea 04:25PM ET,Sea,
,,,,,,,,,,QB,Mark Sanchez (7571850),Mark Sanchez,7571850,5000,Dal@GB 04:25PM ET,Dal,
,,,,,,,,,,QB,Brett Hundley (7571851),Brett Hundley,7571851,5000,Dal@GB 04:25PM ET,GB,
,,,,,,,,,,QB,Joe Callahan (7571853),Joe Callahan,7571853,5000,Dal@GB 04:25PM ET,GB,
,,,,,,,,,,QB,Scott Tolzien (7571854),Scott Tolzien,7571854,5000,Ind@Hou 08:30PM ET,Ind,
,,,,,,,,,,QB,Brandon Weeden (7571855),Brandon Weeden,7571855,5000,Ind@Hou 08:30PM ET,Hou,
,,,,,,,,,,QB,Tom Savage (7571858),Tom Savage,7571858,5000,Ind@Hou 08:30PM ET,Hou,
,,,,,,,,,,RB,Ryan Mathews (7571868),Ryan Mathews,7571868,4900,Phi@Was 01:00PM ET,Phi,
,,,,,,,,,,TE,Jimmy Graham (7572192),Jimmy Graham,7572192,4900,Atl@Sea 04:25PM ET,Sea,
,,,,,,,,,,RB,DeAngelo Williams (7571917),DeAngelo Williams,7571917,4800,Pit@Mia 01:00PM ET,Pit,
,,,,,,,,,,RB,Tevin Coleman (7571949),Tevin Coleman,7571949,4800,Atl@Sea 04:25PM ET,Atl,
,,,,,,,,,,WR,Allen Hurns (7572032),Allen Hurns,7572032,4700,Jax@Chi 01:00PM ET,Jax,
,,,,,,,,,,RB,Arian Foster (7571918),Arian Foster,7571918,4700,Pit@Mia 01:00PM ET,Mia,
,,,,,,,,,,WR,Sammie Coates (7572054),Sammie Coates,7572054,4700,Pit@Mia 01:00PM ET,Pit,
,,,,,,,,,,RB,Isaiah Crowell (7571878),Isaiah Crowell,7571878,4600,Cle@Ten 01:00PM ET,Cle,
,,,,,,,,,,RB,Giovani Bernard (7571930),Giovani Bernard,7571930,4600,Cin@NE 01:00PM ET,Cin,
,,,,,,,,,,WR,Chris Hogan (7572065),Chris Hogan,7572065,4600,Cin@NE 01:00PM ET,NE,
,,,,,,,,,,WR,Corey Coleman (7572001),Corey Coleman,7572001,4500,Cle@Ten 01:00PM ET,Cle,
,,,,,,,,,,RB,Rashad Jennings (7571882),Rashad Jennings,7571882,4500,Bal@NYG 01:00PM ET,NYG,
,,,,,,,,,,TE,Martellus Bennett (7572175),Martellus Bennett,7572175,4500,Cin@NE 01:00PM ET,NE,
,,,,,,,,,,RB,Darren Sproles (7571867),Darren Sproles,7571867,4400,Phi@Was 01:00PM ET,Phi,
,,,,,,,,,,WR,Jamison Crowder (7571988),Jamison Crowder,7571988,4400,Phi@Was 01:00PM ET,Was,
,,,,,,,,,,RB,T.J. Yeldon (7571906),T.J. Yeldon,7571906,4400,Jax@Chi 01:00PM ET,Jax,
,,,,,,,,,,WR,Golden Tate (7572042),Golden Tate,7572042,4400,LA@Det 01:00PM ET,Det,
,,,,,,,,,,RB,Latavius Murray (7571937),Latavius Murray,7571937,4400,KC@Oak 04:05PM ET,Oak,
,,,,,,,,,,WR,Cole Beasley (7572096),Cole Beasley,7572096,4400,Dal@GB 04:25PM ET,Dal,
,,,,,,,,,,TE,Dennis Pitta (7572138),Dennis Pitta,7572138,4300,Bal@NYG 01:00PM ET,Bal,
,,,,,,,,,,RB,Fozzy Whittaker (7571894),Fozzy Whittaker,7571894,4300,Car@NO 01:00PM ET,Car,
,,,,,,,,,,WR,Michael Thomas (7572025),Michael Thomas,7572025,4300,Car@NO 01:00PM ET,NO,
,,,,,,,,,,WR,Mohamed Sanu (7572086),Mohamed Sanu,7572086,4300,Atl@Sea 04:25PM ET,Atl,
,,,,,,,,,,WR,Phillip Dorsett (7572110),Phillip Dorsett,7572110,4300,Ind@Hou 08:30PM ET,Ind,
,,,,,,,,,,WR,Robert Woods (7571978),Robert Woods,7571978,4200,SF@Buf 01:00PM ET,Buf,
,,,,,,,,,,WR,Victor Cruz (7572006),Victor Cruz,7572006,4200,Bal@NYG 01:00PM ET,NYG,
,,,,,,,,,,TE,Julius Thomas (7572155),Julius Thomas,7572155,4200,Jax@Chi 01:00PM ET,Jax,
,,,,,,,,,,RB,DeAndre Washington (7571941),DeAndre Washington,7571941,4200,KC@Oak 04:05PM ET,Oak,
,,,,,,,,,,RB,Thomas Rawls (7571948),Thomas Rawls,7571948,4200,Atl@Sea 04:25PM ET,Sea,
,,,,,,,,,,TE,Jason Witten (7572199),Jason Witten,7572199,4200,Dal@GB 04:25PM ET,Dal,
,,,,,,,,,,WR,Tajae Sharpe (7572002),Tajae Sharpe,7572002,4100,Cle@Ten 01:00PM ET,Ten,
,,,,,,,,,,WR,Cameron Meredith (7572034),Cameron Meredith,7572034,4100,Jax@Chi 01:00PM ET,Chi,
,,,,,,,,,,RB,James White (7571931),James White,7571931,4100,Cin@NE 01:00PM ET,NE,
,,,,,,,,,,TE,Tyler Eifert (7572179),Tyler Eifert,7572179,4100,Cin@NE 01:00PM ET,Cin,
,,,,,,,,,,WR,Jeremy Kerley (7571972),Jeremy Kerley,7571972,4000,SF@Buf 01:00PM ET,SF,
,,,,,,,,,,RB,Matt Jones (7571872),Matt Jones,7571872,4000,Phi@Was 01:00PM ET,Was,
,,,,,,,,,,TE,Zach Ertz (7572126),Zach Ertz,7572126,4000,Phi@Was 01:00PM ET,Phi,
,,,,,,,,,,WR,Eddie Royal (7572027),Eddie Royal,7572027,4000,Jax@Chi 01:00PM ET,Chi,
,,,,,,,,,,RB,Jeremy Hill (7571932),Jeremy Hill,7571932,4000,Cin@NE 01:00PM ET,Cin,
,,,,,,,,,,RB,Duke Johnson Jr. (7571880),Duke Johnson Jr.,7571880,3900,Cle@Ten 01:00PM ET,Cle,
,,,,,,,,,,WR,Ted Ginn Jr. (7572016),Ted Ginn Jr.,7572016,3900,Car@NO 01:00PM ET,Car,
,,,,,,,,,,WR,Anquan Boldin (7572038),Anquan Boldin,7572038,3900,LA@Det 01:00PM ET,Det,
,,,,,,,,,,WR,Tavon Austin (7572044),Tavon Austin,7572044,3900,LA@Det 01:00PM ET,LA,
,,,,,,,,,,WR,Davante Adams (7572100),Davante Adams,7572100,3900,Dal@GB 04:25PM ET,GB,
,,,,,,,,,,WR,Pierre Garcon (7571982),Pierre Garcon,7571982,3800,Phi@Was 01:00PM ET,Was,
,,,,,,,,,,WR,Devin Funchess (7572026),Devin Funchess,7572026,3800,Car@NO 01:00PM ET,Car,
,,,,,,,,,,RB,Jeremy Langford (7571904),Jeremy Langford,7571904,3800,Jax@Chi 01:00PM ET,Chi,
,,,,,,,,,,TE,Zach Miller (7572152),Zach Miller,7572152,3800,Jax@Chi 01:00PM ET,Chi,
,,,,,,,,,,RB,Jalen Richard (7571942),Jalen Richard,7571942,3800,KC@Oak 04:05PM ET,Oak,
,,,,,,,,,,WR,Terrance Williams (7572095),Terrance Williams,7572095,3800,Dal@GB 04:25PM ET,Dal,
,,,,,,,,,,DST,Bills  (7572563),Bills ,7572563,3700,SF@Buf 01:00PM ET,Buf,
,,,,,,,,,,RB,Orleans Darkwa (7571885),Orleans Darkwa,7571885,3700,Bal@NYG 01:00PM ET,NYG,
,,,,,,,,,,RB,Cameron Artis-Payne (7571899),Cameron Artis-Payne,7571899,3700,Car@NO 01:00PM ET,Car,
,,,,,,,,,,WR,Kenny Britt (7572040),Kenny Britt,7572040,3700,LA@Det 01:00PM ET,LA,
,,,,,,,,,,WR,Danny Amendola (7572060),Danny Amendola,7572060,3700,Cin@NE 01:00PM ET,NE,
,,,,,,,,,,WR,Corey Brown (7572019),Corey Brown,7572019,3600,Car@NO 01:00PM ET,Car,
,,,,,,,,,,WR,Markus Wheaton (7572051),Markus Wheaton,7572051,3600,Pit@Mia 01:00PM ET,Pit,
,,,,,,,,,,WR,Tyler Lockett (7572090),Tyler Lockett,7572090,3600,Atl@Sea 04:25PM ET,Sea,
,,,,,,,,,,DST,Seahawks  (7572584),Seahawks ,7572584,3600,Atl@Sea 04:25PM ET,Sea,
,,,,,,,,,,WR,Nelson Agholor (7571991),Nelson Agholor,7571991,3500,Phi@Was 01:00PM ET,Phi,
,,,,,,,,,,TE,Coby Fleener (7572147),Coby Fleener,7572147,3500,Car@NO 01:00PM ET,NO,
,,,,,,,,,,RB,Chris Ivory (7571900),Chris Ivory,7571900,3500,Jax@Chi 01:00PM ET,Jax,
,,,,,,,,,,RB,Dwayne Washington (7571916),Dwayne Washington,7571916,3500,LA@Det 01:00PM ET,Det,
,,,,,,,,,,RB,Jay Ajayi (7571923),Jay Ajayi,7571923,3500,Pit@Mia 01:00PM ET,Mia,
,,,,,,,,,,WR,Brice Butler (7572094),Brice Butler,7572094,3500,Dal@GB 04:25PM ET,Dal,
,,,,,,,,,,RB,Derrick Henry (7571881),Derrick Henry,7571881,3400,Cle@Ten 01:00PM ET,Ten,
,,,,,,,,,,WR,Rishard Matthews (7571998),Rishard Matthews,7571998,3400,Cle@Ten 01:00PM ET,Ten,
,,,,,,,,,,TE,Eric Ebron (7572163),Eric Ebron,7572163,3400,LA@Det 01:00PM ET,Det,
,,,,,,,,,,DST,Steelers  (7572578),Steelers ,7572578,3400,Pit@Mia 01:00PM ET,Pit,
,,,,,,,,,,RB,Charcandrick West (7571943),Charcandrick West,7571943,3400,KC@Oak 04:05PM ET,KC,
,,,,,,,,,,RB,C.J. Spiller (7571944),C.J. Spiller,7571944,3400,Atl@Sea 04:25PM ET,Sea,
,,,,,,,,,,RB,James Starks (7571952),James Starks,7571952,3400,Dal@GB 04:25PM ET,GB,
,,,,,,,,,,WR,Torrey Smith (7571971),Torrey Smith,7571971,3300,SF@Buf 01:00PM ET,SF,
,,,,,,,,,,WR,Andre Johnson (7571992),Andre Johnson,7571992,3300,Cle@Ten 01:00PM ET,Ten,
,,,,,,,,,,TE,Gary Barnidge (7572131),Gary Barnidge,7572131,3300,Cle@Ten 01:00PM ET,Cle,
,,,,,,,,,,DST,Titans  (7572568),Titans ,7572568,3300,Cle@Ten 01:00PM ET,Ten,
,,,,,,,,,,RB,Bobby Rainey (7571883),Bobby Rainey,7571883,3300,Bal@NYG 01:00PM ET,NYG,
,,,,,,,,,,RB,Paul Perkins (7571888),Paul Perkins,7571888,3300,Bal@NYG 01:00PM ET,NYG,
,,,,,,,,,,RB,Kenneth Dixon (7571889),Kenneth Dixon,7571889,3300,Bal@NYG 01:00PM ET,Bal,
,,,,,,,,,,WR,Kenny Stills (7572052),Kenny Stills,7572052,3300,Pit@Mia 01:00PM ET,Mia,
,,,,,,,,,,RB,Alfred Morris (7571953),Alfred Morris,7571953,3300,Dal@GB 04:25PM ET,Dal,
,,,,,,,,,,RB,Chris Thompson (7571870),Chris Thompson,7571870,3200,Phi@Was 01:00PM ET,Was,
,,,,,,,,,,RB,Wendell Smallwood (7571873),Wendell Smallwood,7571873,3200,Phi@Was 01:00PM ET,Phi,
,,,,,,,,,,WR,Dorial Green-Beckham (7571989),Dorial Green-Beckham,7571989,3200,Phi@Was 01:00PM ET,Phi,
,,,,,,,,,,WR,Brian Quick (7572041),Brian Quick,7572041,3200,LA@Det 01:00PM ET,LA,
,,,,,,,,,,WR,Brandon LaFell (7572061),Brandon LaFell,7572061,3200,Cin@NE 01:00PM ET,Cin,
,,,,,,,,,,DST,Patriots  (7572580),Patriots ,7572580,3200,Cin@NE 01:00PM ET,NE,
,,,,,,,,,,DST,Eagles  (7572565),Eagles ,7572565,3100,Phi@Was 01:00PM ET,Phi,
,,,,,,,,,,WR,Andrew Hawkins (7571994),Andrew Hawkins,7571994,3100,Cle@Ten 01:00PM ET,Cle,
,,,,,,,,,,RB,Tim Hightower (7571890),Tim Hightower,7571890,3100,Car@NO 01:00PM ET,NO,
,,,,,,,,,,RB,John Kuhn (7571892),John Kuhn,7571892,3100,Car@NO 01:00PM ET,NO,
,,,,,,,,,,WR,Marqise Lee (7572035),Marqise Lee,7572035,3100,Jax@Chi 01:00PM ET,Jax,
,,,,,,,,,,WR,Chris Conley (7572074),Chris Conley,7572074,3100,KC@Oak 04:05PM ET,KC,
,,,,,,,,,,WR,Seth Roberts (7572077),Seth Roberts,7572077,3100,KC@Oak 04:05PM ET,Oak,
,,,,,,,,,,WR,Jermaine Kearse (7572085),Jermaine Kearse,7572085,3100,Atl@Sea 04:25PM ET,Sea,
,,,,,,,,,,TE,Dwayne Allen (7572205),Dwayne Allen,7572205,3100,Ind@Hou 08:30PM ET,Ind,
,,,,,,,,,,RB,Reggie Bush (7571859),Reggie Bush,7571859,3000,SF@Buf 01:00PM ET,Buf,
,,,,,,,,,,RB,Jerome Felton (7571860),Jerome Felton,7571860,3000,SF@Buf 01:00PM ET,Buf,
,,,,,,,,,,RB,Shaun Draughn (7571861),Shaun Draughn,7571861,3000,SF@Buf 01:00PM ET,SF,
,,,,,,,,,,RB,Mike Gillislee (7571863),Mike Gillislee,7571863,3000,SF@Buf 01:00PM ET,Buf,
,,,,,,,,,,RB,Jonathan Williams (7571865),Jonathan Williams,7571865,3000,SF@Buf 01:00PM ET,Buf,
,,,,,,,,,,RB,Mike Davis (7571866),Mike Davis,7571866,3000,SF@Buf 01:00PM ET,SF,
,,,,,,,,,,WR,Brandon Tate (7571970),Brandon Tate,7571970,3000,SF@Buf 01:00PM ET,Buf,
,,,,,,,,,,WR,Keshawn Martin (7571973),Keshawn Martin,7571973,3000,SF@Buf 01:00PM ET,SF,
,,,,,,,,,,WR,Marquise Goodwin (7571974),Marquise Goodwin,7571974,3000,SF@Buf 01:00PM ET,Buf,
,,,,,,,,,,WR,Justin Hunter (7571975),Justin Hunter,7571975,3000,SF@Buf 01:00PM ET,Buf,
,,,,,,,,,,WR,Rod Streater (7571976),Rod Streater,7571976,3000,SF@Buf 01:00PM ET,SF,
,,,,,,,,,,WR,Walt Powell (7571977),Walt Powell,7571977,3000,SF@Buf 01:00PM ET,Buf,
,,,,,,,,,,WR,Quinton Patton (7571979),Quinton Patton,7571979,3000,SF@Buf 01:00PM ET,SF,
,,,,,,,,,,WR,Aaron Burbridge (7571980),Aaron Burbridge,7571980,3000,SF@Buf 01:00PM ET,SF,
,,,,,,,,,,RB,Kenjon Barner (7571869),Kenjon Barner,7571869,3000,Phi@Was 01:00PM ET,Phi,
,,,,,,,,,,RB,Rob Kelley (7571871),Rob Kelley,7571871,3000,Phi@Was 01:00PM ET,Was,
,,,,,,,,,,WR,Ryan Grant (7571983),Ryan Grant,7571983,3000,Phi@Was 01:00PM ET,Was,
,,,,,,,,,,WR,Josh Huff (7571985),Josh Huff,7571985,3000,Phi@Was 01:00PM ET,Phi,
,,,,,,,,,,WR,Josh Doctson (7571986),Josh Doctson,7571986,3000,Phi@Was 01:00PM ET,Was,
,,,,,,,,,,WR,Rashad Ross (7571987),Rashad Ross,7571987,3000,Phi@Was 01:00PM ET,Was,
,,,,,,,,,,WR,Bryce Treggs (7571990),Bryce Treggs,7571990,3000,Phi@Was 01:00PM ET,Phi,
,,,,,,,,,,RB,Jalston Fowler (7571875),Jalston Fowler,7571875,3000,Cle@Ten 01:00PM ET,Ten,
,,,,,,,,,,RB,Malcolm Johnson (7571876),Malcolm Johnson,7571876,3000,Cle@Ten 01:00PM ET,Cle,
,,,,,,,,,,RB,Antonio Andrews (7571877),Antonio Andrews,7571877,3000,Cle@Ten 01:00PM ET,Ten,
,,,,,,,,,,RB,George Atkinson III (7571879),George Atkinson III,7571879,3000,Cle@Ten 01:00PM ET,Cle,
,,,,,,,,,,WR,Harry Douglas (7571993),Harry Douglas,7571993,3000,Cle@Ten 01:00PM ET,Ten,
,,,,,,,,,,WR,Marc Mariani (7571995),Marc Mariani,7571995,3000,Cle@Ten 01:00PM ET,Ten,
,,,,,,,,,,WR,Kendall Wright (7571997),Kendall Wright,7571997,3000,Cle@Ten 01:00PM ET,Ten,
,,,,,,,,,,WR,Jordan Payton (7571999),Jordan Payton,7571999,3000,Cle@Ten 01:00PM ET,Cle,
,,,,,,,,,,WR,Ricardo Louis (7572000),Ricardo Louis,7572000,3000,Cle@Ten 01:00PM ET,Cle,
,,,,,,,,,,WR,Rashard Higgins (7572003),Rashard Higgins,7572003,3000,Cle@Ten 01:00PM ET,Cle,
,,,,,,,,,,RB,Kyle Juszczyk (7571884),Kyle Juszczyk,7571884,3000,Bal@NYG 01:00PM ET,Bal,
,,,,,,,,,,RB,Javorius Allen (7571887),Javorius Allen,7571887,3000,Bal@NYG 01:00PM ET,Bal,
,,,,,,,,,,WR,Devin Hester (7572005),Devin Hester,7572005,3000,Bal@NYG 01:00PM ET,Bal,
,,,,,,,,,,WR,Dwayne Harris (7572007),Dwayne Harris,7572007,3000,Bal@NYG 01:00PM ET,NYG,
,,,,,,,,,,WR,Kamar Aiken (7572009),Kamar Aiken,7572009,3000,Bal@NYG 01:00PM ET,Bal,
,,,,,,,,,,WR,Tavarres King (7572010),Tavarres King,7572010,3000,Bal@NYG 01:00PM ET,NYG,
,,,,,,,,,,WR,Chris Moore (7572012),Chris Moore,7572012,3000,Bal@NYG 01:00PM ET,Bal,
,,,,,,,,,,WR,Breshad Perriman (7572013),Breshad Perriman,7572013,3000,Bal@NYG 01:00PM ET,Bal,
,,,,,,,,,,WR,Roger Lewis (7572015),Roger Lewis,7572015,3000,Bal@NYG 01:00PM ET,NYG,
,,,,,,,,,,DST,Giants  (7572569),Giants ,7572569,3000,Bal@NYG 01:00PM ET,NYG,
,,,,,,,,,,RB,Mike Tolbert (7571891),Mike Tolbert,7571891,3000,Car@NO 01:00PM ET,Car,
,,,,,,,,,,RB,Travaris Cadet (7571895),Travaris Cadet,7571895,3000,Car@NO 01:00PM ET,NO,
,,,,,,,,,,RB,Marcus Murphy (7571897),Marcus Murphy,7571897,3000,Car@NO 01:00PM ET,NO,
,,,,,,,,,,RB,Daniel Lasco (7571898),Daniel Lasco,7571898,3000,Car@NO 01:00PM ET,NO,
,,,,,,,,,,WR,Brenton Bersin (7572017),Brenton Bersin,7572017,3000,Car@NO 01:00PM ET,Car,
,,,,,,,,,,WR,Brandon Coleman (7572018),Brandon Coleman,7572018,3000,Car@NO 01:00PM ET,NO,
,,,,,,,,,,WR,Damiere Byrd (7572021),Damiere Byrd,7572021,3000,Car@NO 01:00PM ET,Car,
,,,,,,,,,,WR,Tommylee Lewis (7572024),Tommylee Lewis,7572024,3000,Car@NO 01:00PM ET,NO,
,,,,,,,,,,RB,Joique Bell (7571901),Joique Bell,7571901,3000,Jax@Chi 01:00PM ET,Chi,
,,,,,,,,,,RB,Denard Robinson (7571902),Denard Robinson,7571902,3000,Jax@Chi 01:00PM ET,Jax,
,,,,,,,,,,RB,Corey Grant (7571903),Corey Grant,7571903,3000,Jax@Chi 01:00PM ET,Jax,
,,,,,,,,,,RB,Ka'Deem Carey (7571905),Ka'Deem Carey,7571905,3000,Jax@Chi 01:00PM ET,Chi,
,,,,,,,,,,RB,Paul Lasike (7571907),Paul Lasike,7571907,3000,Jax@Chi 01:00PM ET,Chi,
,,,,,,,,,,WR,Bryan Walters (7572028),Bryan Walters,7572028,3000,Jax@Chi 01:00PM ET,Jax,
,,,,,,,,,,WR,Arrelious Benn (7572029),Arrelious Benn,7572029,3000,Jax@Chi 01:00PM ET,Jax,
,,,,,,,,,,WR,Deonte Thompson (7572030),Deonte Thompson,7572030,3000,Jax@Chi 01:00PM ET,Chi,
,,,,,,,,,,WR,Joshua Bellamy (7572033),Joshua Bellamy,7572033,3000,Jax@Chi 01:00PM ET,Chi,
,,,,,,,,,,WR,Rashad Greene (7572036),Rashad Greene,7572036,3000,Jax@Chi 01:00PM ET,Jax,
,,,,,,,,,,RB,Chase Reynolds (7571909),Chase Reynolds,7571909,3000,LA@Det 01:00PM ET,LA,
,,,,,,,,,,RB,Benny Cunningham (7571910),Benny Cunningham,7571910,3000,LA@Det 01:00PM ET,LA,
,,,,,,,,,,RB,Michael Burton (7571912),Michael Burton,7571912,3000,LA@Det 01:00PM ET,Det,
,,,,,,,,,,RB,Zach Zenner (7571913),Zach Zenner,7571913,3000,LA@Det 01:00PM ET,Det,
,,,,,,,,,,RB,Malcolm Brown (7571914),Malcolm Brown,7571914,3000,LA@Det 01:00PM ET,LA,
,,,,,,,,,,WR,Andre Roberts (7572039),Andre Roberts,7572039,3000,LA@Det 01:00PM ET,Det,
,,,,,,,,,,WR,Bradley Marquez (7572045),Bradley Marquez,7572045,3000,LA@Det 01:00PM ET,LA,
,,,,,,,,,,WR,Nelson Spruce (7572046),Nelson Spruce,7572046,3000,LA@Det 01:00PM ET,LA,
,,,,,,,,,,WR,Pharoh Cooper (7572047),Pharoh Cooper,7572047,3000,LA@Det 01:00PM ET,LA,
,,,,,,,,,,WR,Mike Thomas (7572048),Mike Thomas,7572048,3000,LA@Det 01:00PM ET,LA,
,,,,,,,,,,DST,Lions  (7572575),Lions ,7572575,3000,LA@Det 01:00PM ET,Det,
,,,,,,,,,,RB,Isaiah Pead (7571919),Isaiah Pead,7571919,3000,Pit@Mia 01:00PM ET,Mia,
,,,,,,,,,,RB,Fitzgerald Toussaint (7571920),Fitzgerald Toussaint,7571920,3000,Pit@Mia 01:00PM ET,Pit,
,,,,,,,,,,RB,Roosevelt Nix (7571922),Roosevelt Nix,7571922,3000,Pit@Mia 01:00PM ET,Pit,
,,,,,,,,,,RB,Damien Williams (7571924),Damien Williams,7571924,3000,Pit@Mia 01:00PM ET,Mia,
,,,,,,,,,,RB,Kenyan Drake (7571925),Kenyan Drake,7571925,3000,Pit@Mia 01:00PM ET,Mia,
,,,,,,,,,,WR,Darrius Heyward-Bey (7572049),Darrius Heyward-Bey,7572049,3000,Pit@Mia 01:00PM ET,Pit,
,,,,,,,,,,WR,Jakeem Grant (7572056),Jakeem Grant,7572056,3000,Pit@Mia 01:00PM ET,Mia,
,,,,,,,,,,WR,Eli Rogers (7572057),Eli Rogers,7572057,3000,Pit@Mia 01:00PM ET,Pit,
,,,,,,,,,,WR,Leonte Carroo (7572058),Leonte Carroo,7572058,3000,Pit@Mia 01:00PM ET,Mia,
,,,,,,,,,,TE,Jesse James (7572172),Jesse James,7572172,3000,Pit@Mia 01:00PM ET,Pit,
,,,,,,,,,,RB,James Develin (7571926),James Develin,7571926,3000,Cin@NE 01:00PM ET,NE,
,,,,,,,,,,RB,Brandon Bolden (7571928),Brandon Bolden,7571928,3000,Cin@NE 01:00PM ET,NE,
,,,,,,,,,,RB,Rex Burkhead (7571929),Rex Burkhead,7571929,3000,Cin@NE 01:00PM ET,Cin,
,,,,,,,,,,RB,D.J. Foster (7571933),D.J. Foster,7571933,3000,Cin@NE 01:00PM ET,NE,
,,,,,,,,,,WR,Matthew Slater (7572059),Matthew Slater,7572059,3000,Cin@NE 01:00PM ET,NE,
,,,,,,,,,,WR,James Wright (7572064),James Wright,7572064,3000,Cin@NE 01:00PM ET,Cin,
,,,,,,,,,,WR,Malcolm Mitchell (7572066),Malcolm Mitchell,7572066,3000,Cin@NE 01:00PM ET,NE,
,,,,,,,,,,WR,Alex Erickson (7572067),Alex Erickson,7572067,3000,Cin@NE 01:00PM ET,Cin,
,,,,,,,,,,WR,Cody Core (7572068),Cody Core,7572068,3000,Cin@NE 01:00PM ET,Cin,
,,,,,,,,,,WR,Tyler Boyd (7572069),Tyler Boyd,7572069,3000,Cin@NE 01:00PM ET,Cin,
,,,,,,,,,,RB,Taiwan Jones (7571935),Taiwan Jones,7571935,3000,KC@Oak 04:05PM ET,Oak,
,,,,,,,,,,RB,Anthony Sherman (7571936),Anthony Sherman,7571936,3000,KC@Oak 04:05PM ET,KC,
,,,,,,,,,,RB,Knile Davis (7571938),Knile Davis,7571938,3000,KC@Oak 04:05PM ET,KC,
,,,,,,,,,,RB,Jamize Olawale (7571940),Jamize Olawale,7571940,3000,KC@Oak 04:05PM ET,Oak,
,,,,,,,,,,WR,Albert Wilson (7572072),Albert Wilson,7572072,3000,KC@Oak 04:05PM ET,KC,
,,,,,,,,,,WR,Andre Holmes (7572073),Andre Holmes,7572073,3000,KC@Oak 04:05PM ET,Oak,
,,,,,,,,,,WR,De'Anthony Thomas (7572075),De'Anthony Thomas,7572075,3000,KC@Oak 04:05PM ET,KC,
,,,,,,,,,,WR,Demarcus Robinson (7572078),Demarcus Robinson,7572078,3000,KC@Oak 04:05PM ET,KC,
,,,,,,,,,,WR,Johnny Holton (7572079),Johnny Holton,7572079,3000,KC@Oak 04:05PM ET,Oak,
,,,,,,,,,,WR,Tyreek Hill (7572080),Tyreek Hill,7572080,3000,KC@Oak 04:05PM ET,KC,
,,,,,,,,,,RB,Patrick DiMarco (7571945),Patrick DiMarco,7571945,3000,Atl@Sea 04:25PM ET,Atl,
,,,,,,,,,,RB,C.J. Prosise (7571950),C.J. Prosise,7571950,3000,Atl@Sea 04:25PM ET,Sea,
,,,,,,,,,,RB,Alex Collins (7571951),Alex Collins,7571951,3000,Atl@Sea 04:25PM ET,Sea,
,,,,,,,,,,WR,Eric Weems (7572081),Eric Weems,7572081,3000,Atl@Sea 04:25PM ET,Atl,
,,,,,,,,,,WR,Aldrick Robinson (7572083),Aldrick Robinson,7572083,3000,Atl@Sea 04:25PM ET,Atl,
,,,,,,,,,,WR,Justin Hardy (7572087),Justin Hardy,7572087,3000,Atl@Sea 04:25PM ET,Atl,
,,,,,,,,,,WR,Paul Richardson (7572088),Paul Richardson,7572088,3000,Atl@Sea 04:25PM ET,Sea,
,,,,,,,,,,WR,Tanner McEvoy (7572089),Tanner McEvoy,7572089,3000,Atl@Sea 04:25PM ET,Sea,
,,,,,,,,,,WR,Taylor Gabriel (7572091),Taylor Gabriel,7572091,3000,Atl@Sea 04:25PM ET,Atl,
,,,,,,,,,,RB,Lance Dunbar (7571954),Lance Dunbar,7571954,3000,Dal@GB 04:25PM ET,Dal,
,,,,,,,,,,RB,Rod Smith (7571956),Rod Smith,7571956,3000,Dal@GB 04:25PM ET,Dal,
,,,,,,,,,,RB,Keith Smith (7571957),Keith Smith,7571957,3000,Dal@GB 04:25PM ET,Dal,
,,,,,,,,,,RB,Aaron Ripkowski (7571958),Aaron Ripkowski,7571958,3000,Dal@GB 04:25PM ET,GB,
,,,,,,,,,,RB,Darius Jackson (7571959),Darius Jackson,7571959,3000,Dal@GB 04:25PM ET,Dal,
,,,,,,,,,,WR,Jared Abbrederis (7572098),Jared Abbrederis,7572098,3000,Dal@GB 04:25PM ET,GB,
,,,,,,,,,,WR,Ty Montgomery (7572099),Ty Montgomery,7572099,3000,Dal@GB 04:25PM ET,GB,
,,,,,,,,,,WR,Trevor Davis (7572101),Trevor Davis,7572101,3000,Dal@GB 04:25PM ET,GB,
,,,,,,,,,,WR,Lucky Whitehead (7572102),Lucky Whitehead,7572102,3000,Dal@GB 04:25PM ET,Dal,
,,,,,,,,,,WR,Jeff Janis (7572103),Jeff Janis,7572103,3000,Dal@GB 04:25PM ET,GB,
,,,,,,,,,,RB,Robert Turbin (7571962),Robert Turbin,7571962,3000,Ind@Hou 08:30PM ET,Ind,
,,,,,,,,,,RB,Jonathan Grimes (7571963),Jonathan Grimes,7571963,3000,Ind@Hou 08:30PM ET,Hou,
,,,,,,,,,,RB,Jordan Todman (7571964),Jordan Todman,7571964,3000,Ind@Hou 08:30PM ET,Ind,
,,,,,,,,,,RB,Alfred Blue (7571966),Alfred Blue,7571966,3000,Ind@Hou 08:30PM ET,Hou,
,,,,,,,,,,RB,Jay Prosch (7571967),Jay Prosch,7571967,3000,Ind@Hou 08:30PM ET,Hou,
,,,,,,,,,,RB,Tyler Ervin (7571968),Tyler Ervin,7571968,3000,Ind@Hou 08:30PM ET,Hou,
,,,,,,,,,,RB,Josh Ferguson (7571969),Josh Ferguson,7571969,3000,Ind@Hou 08:30PM ET,Ind,
,,,,,,,,,,WR,Devin Street (7572105),Devin Street,7572105,3000,Ind@Hou 08:30PM ET,Ind,
,,,,,,,,,,WR,Keith Mumphery (7572106),Keith Mumphery,7572106,3000,Ind@Hou 08:30PM ET,Hou,
,,,,,,,,,,WR,Quan Bray (7572108),Quan Bray,7572108,3000,Ind@Hou 08:30PM ET,Ind,
,,,,,,,,,,WR,Braxton Miller (7572109),Braxton Miller,7572109,3000,Ind@Hou 08:30PM ET,Hou,
,,,,,,,,,,WR,Chester Rogers (7572112),Chester Rogers,7572112,3000,Ind@Hou 08:30PM ET,Ind,
,,,,,,,,,,WR,Jaelen Strong (7572113),Jaelen Strong,7572113,3000,Ind@Hou 08:30PM ET,Hou,
,,,,,,,,,,TE,Charles Clay (7572116),Charles Clay,7572116,2900,SF@Buf 01:00PM ET,Buf,
,,,,,,,,,,TE,Will Tye (7572141),Will Tye,7572141,2900,Bal@NYG 01:00PM ET,NYG,
,,,,,,,,,,DST,Rams  (7572576),Rams ,7572576,2900,LA@Det 01:00PM ET,LA,
,,,,,,,,,,TE,Richard Rodgers (7572203),Richard Rodgers,7572203,2900,Dal@GB 04:25PM ET,GB,
,,,,,,,,,,DST,Texans  (7572587),Texans ,7572587,2900,Ind@Hou 08:30PM ET,Hou,
,,,,,,,,,,TE,Jordan Cameron (7572168),Jordan Cameron,7572168,2800,Pit@Mia 01:00PM ET,Mia,
,,,,,,,,,,DST,Chiefs  (7572581),Chiefs ,7572581,2800,KC@Oak 04:05PM ET,KC,
,,,,,,,,,,TE,Jacob Tamme (7572191),Jacob Tamme,7572191,2800,Atl@Sea 04:25PM ET,Atl,
,,,,,,,,,,DST,Packers  (7572586),Packers ,7572586,2800,Dal@GB 04:25PM ET,GB,
,,,,,,,,,,DST,Redskins  (7572566),Redskins ,7572566,2700,Phi@Was 01:00PM ET,Was,
,,,,,,,,,,DST,Jaguars  (7572574),Jaguars ,7572574,2700,Jax@Chi 01:00PM ET,Jax,
,,,,,,,,,,TE,Lance Kendricks (7572160),Lance Kendricks,7572160,2700,LA@Det 01:00PM ET,LA,
,,,,,,,,,,DST,Browns  (7572567),Browns ,7572567,2600,Cle@Ten 01:00PM ET,Cle,
,,,,,,,,,,DST,Ravens  (7572570),Ravens ,7572570,2600,Bal@NYG 01:00PM ET,Bal,
,,,,,,,,,,TE,Clive Walford (7572187),Clive Walford,7572187,2600,KC@Oak 04:05PM ET,Oak,
,,,,,,,,,,DST,Raiders  (7572582),Raiders ,7572582,2600,KC@Oak 04:05PM ET,Oak,
,,,,,,,,,,TE,Kyle Nelson (7572115),Kyle Nelson,7572115,2500,SF@Buf 01:00PM ET,SF,
,,,,,,,,,,TE,Garrett Celek (7572117),Garrett Celek,7572117,2500,SF@Buf 01:00PM ET,SF,
,,,,,,,,,,TE,Vance McDonald (7572118),Vance McDonald,7572118,2500,SF@Buf 01:00PM ET,SF,
,,,,,,,,,,TE,Gerald Christian (7572119),Gerald Christian,7572119,2500,SF@Buf 01:00PM ET,Buf,
,,,,,,,,,,TE,Blake Bell (7572120),Blake Bell,7572120,2500,SF@Buf 01:00PM ET,SF,
,,,,,,,,,,TE,Je'Ron Hamm (7572121),Je'Ron Hamm,7572121,2500,SF@Buf 01:00PM ET,SF,
,,,,,,,,,,TE,Nick O'Leary (7572122),Nick O'Leary,7572122,2500,SF@Buf 01:00PM ET,Buf,
,,,,,,,,,,TE,Vernon Davis (7572123),Vernon Davis,7572123,2500,Phi@Was 01:00PM ET,Was,
,,,,,,,,,,TE,Brent Celek (7572124),Brent Celek,7572124,2500,Phi@Was 01:00PM ET,Phi,
,,,,,,,,,,TE,Niles Paul (7572125),Niles Paul,7572125,2500,Phi@Was 01:00PM ET,Was,
,,,,,,,,,,TE,Trey Burton (7572128),Trey Burton,7572128,2500,Phi@Was 01:00PM ET,Phi,
,,,,,,,,,,TE,Anthony Fasano (7572129),Anthony Fasano,7572129,2500,Cle@Ten 01:00PM ET,Ten,
,,,,,,,,,,TE,Beau Brinkley (7572132),Beau Brinkley,7572132,2500,Cle@Ten 01:00PM ET,Ten,
,,,,,,,,,,TE,Randall Telfer (7572133),Randall Telfer,7572133,2500,Cle@Ten 01:00PM ET,Cle,
,,,,,,,,,,TE,Connor Hamlett (7572134),Connor Hamlett,7572134,2500,Cle@Ten 01:00PM ET,Cle,
,,,,,,,,,,TE,Jace Amaro (7572135),Jace Amaro,7572135,2500,Cle@Ten 01:00PM ET,Ten,
,,,,,,,,,,TE,Phillip Supernaw (7572136),Phillip Supernaw,7572136,2500,Cle@Ten 01:00PM ET,Ten,
,,,,,,,,,,TE,Seth DeValve (7572137),Seth DeValve,7572137,2500,Cle@Ten 01:00PM ET,Cle,
,,,,,,,,,,TE,Larry Donnell (7572139),Larry Donnell,7572139,2500,Bal@NYG 01:00PM ET,NYG,
,,,,,,,,,,TE,Crockett Gillmore (7572140),Crockett Gillmore,7572140,2500,Bal@NYG 01:00PM ET,Bal,
,,,,,,,,,,TE,Daniel Brown (7572142),Daniel Brown,7572142,2500,Bal@NYG 01:00PM ET,Bal,
,,,,,,,,,,TE,Darren Waller (7572143),Darren Waller,7572143,2500,Bal@NYG 01:00PM ET,Bal,
,,,,,,,,,,TE,Jerell Adams (7572144),Jerell Adams,7572144,2500,Bal@NYG 01:00PM ET,NYG,
,,,,,,,,,,TE,Ed Dickson (7572146),Ed Dickson,7572146,2500,Car@NO 01:00PM ET,Car,
,,,,,,,,,,TE,Josh Hill (7572148),Josh Hill,7572148,2500,Car@NO 01:00PM ET,NO,
,,,,,,,,,,TE,Chris Manhertz (7572149),Chris Manhertz,7572149,2500,Car@NO 01:00PM ET,NO,
,,,,,,,,,,TE,Scott Simonson (7572150),Scott Simonson,7572150,2500,Car@NO 01:00PM ET,Car,
,,,,,,,,,,TE,Marcedes Lewis (7572151),Marcedes Lewis,7572151,2500,Jax@Chi 01:00PM ET,Jax,
,,,,,,,,,,TE,Logan Paulsen (7572153),Logan Paulsen,7572153,2500,Jax@Chi 01:00PM ET,Chi,
,,,,,,,,,,TE,Patrick Scales (7572154),Patrick Scales,7572154,2500,Jax@Chi 01:00PM ET,Chi,
,,,,,,,,,,TE,Neal Sterling (7572156),Neal Sterling,7572156,2500,Jax@Chi 01:00PM ET,Jax,
,,,,,,,,,,TE,Ben Koyack (7572157),Ben Koyack,7572157,2500,Jax@Chi 01:00PM ET,Jax,
,,,,,,,,,,TE,Ben Braunecker (7572158),Ben Braunecker,7572158,2500,Jax@Chi 01:00PM ET,Chi,
,,,,,,,,,,TE,Clay Harbor (7572159),Clay Harbor,7572159,2500,LA@Det 01:00PM ET,Det,
,,,,,,,,,,TE,Cory Harkey (7572161),Cory Harkey,7572161,2500,LA@Det 01:00PM ET,LA,
,,,,,,,,,,TE,Tyler Higbee (7572162),Tyler Higbee,7572162,2500,LA@Det 01:00PM ET,LA,
,,,,,,,,,,TE,Temarrick Hemingway (7572164),Temarrick Hemingway,7572164,2500,LA@Det 01:00PM ET,LA,
,,,,,,,,,,TE,Cole Wick (7572165),Cole Wick,7572165,2500,LA@Det 01:00PM ET,Det,
,,,,,,,,,,TE,Khari Lee (7572166),Khari Lee,7572166,2500,LA@Det 01:00PM ET,Det,
,,,,,,,,,,TE,David Johnson (7572167),David Johnson,7572167,2500,Pit@Mia 01:00PM ET,Pit,
,,,,,,,,,,TE,MarQueis Gray (7572169),MarQueis Gray,7572169,2500,Pit@Mia 01:00PM ET,Mia,
,,,,,,,,,,TE,Dion Sims (7572170),Dion Sims,7572170,2500,Pit@Mia 01:00PM ET,Mia,
,,,,,,,,,,TE,Xavier Grimble (7572171),Xavier Grimble,7572171,2500,Pit@Mia 01:00PM ET,Pit,
,,,,,,,,,,TE,Dominique Jones (7572173),Dominique Jones,7572173,2500,Pit@Mia 01:00PM ET,Mia,
,,,,,,,,,,DST,Dolphins  (7572577),Dolphins ,7572577,2500,Pit@Mia 01:00PM ET,Mia,
,,,,,,,,,,TE,Clark Harris (7572174),Clark Harris,7572174,2500,Cin@NE 01:00PM ET,Cin,
,,,,,,,,,,TE,Greg Scruggs (7572177),Greg Scruggs,7572177,2500,Cin@NE 01:00PM ET,NE,
,,,,,,,,,,TE,Ryan Hewitt (7572178),Ryan Hewitt,7572178,2500,Cin@NE 01:00PM ET,Cin,
,,,,,,,,,,TE,A.J. Derby (7572180),A.J. Derby,7572180,2500,Cin@NE 01:00PM ET,NE,
,,,,,,,,,,TE,Tyler Kroft (7572181),Tyler Kroft,7572181,2500,Cin@NE 01:00PM ET,Cin,
,,,,,,,,,,TE,C.J. Uzomah (7572182),C.J. Uzomah,7572182,2500,Cin@NE 01:00PM ET,Cin,
,,,,,,,,,,DST,Bengals  (7572579),Bengals ,7572579,2500,Cin@NE 01:00PM ET,Cin,
,,,,,,,,,,TE,Mychal Rivera (7572184),Mychal Rivera,7572184,2500,KC@Oak 04:05PM ET,Oak,
,,,,,,,,,,TE,James Winchester (7572185),James Winchester,7572185,2500,KC@Oak 04:05PM ET,KC,
,,,,,,,,,,TE,James O'Shaughnessy (7572186),James O'Shaughnessy,7572186,2500,KC@Oak 04:05PM ET,KC,
,,,,,,,,,,TE,Ross Travis (7572188),Ross Travis,7572188,2500,KC@Oak 04:05PM ET,KC,
,,,,,,,,,,TE,Demetrius Harris (7572189),Demetrius Harris,7572189,2500,KC@Oak 04:05PM ET,KC,
,,,,,,,,,,TE,Ryan O'Malley (7572190),Ryan O'Malley,7572190,2500,KC@Oak 04:05PM ET,Oak,
,,,,,,,,,,TE,Luke Willson (7572193),Luke Willson,7572193,2500,Atl@Sea 04:25PM ET,Sea,
,,,,,,,,,,TE,Levine Toilolo (7572194),Levine Toilolo,7572194,2500,Atl@Sea 04:25PM ET,Atl,
,,,,,,,,,,TE,Brandon Williams (7572195),Brandon Williams,7572195,2500,Atl@Sea 04:25PM ET,Sea,
,,,,,,,,,,TE,Nick Vannett (7572196),Nick Vannett,7572196,2500,Atl@Sea 04:25PM ET,Sea,
,,,,,,,,,,TE,Joshua Perkins (7572197),Joshua Perkins,7572197,2500,Atl@Sea 04:25PM ET,Atl,
,,,,,,,,,,TE,Austin Hooper (7572198),Austin Hooper,7572198,2500,Atl@Sea 04:25PM ET,Atl,
,,,,,,,,,,DST,Falcons  (7572583),Falcons ,7572583,2500,Atl@Sea 04:25PM ET,Atl,
,,,,,,,,,,TE,Jared Cook (7572200),Jared Cook,7572200,2500,Dal@GB 04:25PM ET,GB,
,,,,,,,,,,TE,Justin Perillo (7572201),Justin Perillo,7572201,2500,Dal@GB 04:25PM ET,GB,
,,,,,,,,,,TE,Gavin Escobar (7572202),Gavin Escobar,7572202,2500,Dal@GB 04:25PM ET,Dal,
,,,,,,,,,,TE,Geoff Swaim (7572204),Geoff Swaim,7572204,2500,Dal@GB 04:25PM ET,Dal,
,,,,,,,,,,TE,Ryan Griffin (7572206),Ryan Griffin,7572206,2500,Ind@Hou 08:30PM ET,Hou,
,,,,,,,,,,TE,Jack Doyle (7572207),Jack Doyle,7572207,2500,Ind@Hou 08:30PM ET,Ind,
,,,,,,,,,,TE,Erik Swoope (7572208),Erik Swoope,7572208,2500,Ind@Hou 08:30PM ET,Ind,
,,,,,,,,,,TE,C.J. Fiedorowicz (7572209),C.J. Fiedorowicz,7572209,2500,Ind@Hou 08:30PM ET,Hou,
,,,,,,,,,,TE,Stephen Anderson (7572210),Stephen Anderson,7572210,2500,Ind@Hou 08:30PM ET,Hou,
,,,,,,,,,,DST,Panthers  (7572572),Panthers ,7572572,2400,Car@NO 01:00PM ET,Car,
,,,,,,,,,,DST,Cowboys  (7572585),Cowboys ,7572585,2400,Dal@GB 04:25PM ET,Dal,
,,,,,,,,,,DST,49ers  (7572564),49ers ,7572564,2300,SF@Buf 01:00PM ET,SF,
,,,,,,,,,,DST,Bears  (7572573),Bears ,7572573,2300,Jax@Chi 01:00PM ET,Chi,
,,,,,,,,,,DST,Colts  (7572588),Colts ,7572588,2200,Ind@Hou 08:30PM ET,Ind,
,,,,,,,,,,DST,Saints  (7572571),Saints ,7572571,2000,Car@NO 01:00PM ET,NO,
